Fecha,Hora,Flujo_Lmin,Flujo_Lh,Lat_deg,Lon_deg,Fix,Vel_Knots,Total_Litros
2025-11-27,11:38:30,0.00,0.0,0.000000,0.000000,0,0.00,0.00
2025-11-27,11:38:31,0.00,0.0,0.000000,0.000000,0,0.00,0.00
2025-11-27,11:38:32,0.00,0.0,0.000000,0.000000,0,0.00,0.00
2025-11-27,11:38:33,0.00,0.0,0.000000,0.000000,0,0.00,0.00
2025-11-27,11:38:34,0.00,0.0,0.000000,0.000000,0,0.00,0.00
2025-11-27,11:38:35,0.00,0.0,0.000000,0.000000,0,0.00,0.00
2025-11-27,11:38:36,0.00,0.0,0.000000,0.000000,0,0.00,0.00
2025-11-27,11:38:37,0.00,0.0,0.000000,0.000000,0,0.00,0.00
2025-11-27,11:38:38,0.00,0.0,0.000000,0.000000,0,0.00,0.00
2025-11-27,11:38:39,0.00,0.0,0.000000,0.000000,0,0.00,0.00
2025-11-27,11:38:40,0.00,0.0,0.000000,0.000000,0,0.00,0.00
2025-11-27,11:38:41,0.00,0.0,0.000000,0.000000,0,0.00,0.00
2025-11-27,11:38:42,0.00,0.0,0.000000,0.000000,0,0.00,0.00
2025-11-27,11:38:43,0.00,0.0,0.000000,0.000000,0,0.00,0.00
2025-11-27,11:38:44,0.00,0.0,0.000000,0.000000,0,0.00,0.00
2025-11-27,11:38:45,0.00,0.0,0.000000,0.000000,0,0.00,0.00
2025-11-27,11:38:46,0.00,0.0,0.000000,0.000000,0,0.00,0.00
2025-11-27,11:38:47,0.00,0.0,0.000000,0.000000,0,0.00,0.00
2025-11-27,11:38:48,0.00,0.0,0.000000,0.000000,0,0.00,0.00
2025-11-27,11:38:49,0.00,0.0,0.000000,0.000000,0,0.00,0.00
2025-11-27,11:38:50,0.00,0.0,0.000000,0.000000,0,0.00,0.00
2025-11-27,11:38:51,0.00,0.0,0.000000,0.000000,0,0.00,0.00
2025-11-27,11:38:52,0.00,0.0,0.000000,0.000000,0,0.00,0.00
2025-11-27,11:38:53,0.00,0.0,0.000000,0.000000,0,0.00,0.00
2025-11-27,11:38:54,0.00,0.0,0.000000,0.000000,0,0.00,0.00
2025-11-27,11:38:55,0.00,0.0,0.000000,0.000000,0,0.00,0.00
2025-11-27,11:38:56,0.00,0.0,0.000000,0.000000,0,0.00,0.00
2025-11-27,11:38:57,0.00,0.0,0.000000,0.000000,0,0.00,0.00
2025-11-27,11:38:58,0.00,0.0,0.000000,0.000000,0,0.00,0.00
2025-11-27,11:38:59,0.00,0.0,0.000000,0.000000,0,0.00,0.00
2025-11-27,11:39:00,0.00,0.0,0.000000,0.000000,0,0.00,0.00
2025-11-27,11:39:01,0.00,0.0,0.000000,0.000000,0,0.00,0.00
2025-11-27,11:39:02,0.00,0.0,0.000000,0.000000,0,0.00,0.00
2025-11-27,11:39:03,0.00,0.0,0.000000,0.000000,0,0.00,0.00
2025-11-27,11:39:04,0.00,0.0,0.000000,0.000000,0,0.00,0.00
2025-11-27,11:39:05,0.00,0.0,0.000000,0.000000,0,0.00,0.00
2025-11-27,11:39:06,0.00,0.0,0.000000,0.000000,0,0.00,0.00
2025-11-27,11:39:07,0.00,0.0,0.000000,0.000000,0,0.00,0.00
2025-11-27,11:39:08,0.00,0.0,0.000000,0.000000,0,0.00,0.00
2025-11-27,11:39:09,0.00,0.0,0.000000,0.000000,0,0.00,0.00
2025-11-27,11:39:10,0.00,0.0,0.000000,0.000000,0,0.00,0.00
2025-11-27,11:39:11,0.00,0.0,0.000000,0.000000,0,0.00,0.00
2025-11-27,11:39:12,0.00,0.0,0.000000,0.000000,0,0.00,0.00
2025-11-27,11:39:13,0.00,0.0,0.000000,0.000000,0,0.00,0.00
2025-11-27,11:39:14,0.00,0.0,0.000000,0.000000,0,0.00,0.00
2025-11-27,11:39:15,0.00,0.0,0.000000,0.000000,0,0.00,0.00
2025-11-27,11:39:16,0.00,0.0,0.000000,0.000000,0,0.00,0.00
2025-11-27,11:39:17,0.00,0.0,0.000000,0.000000,0,0.00,0.00
2025-11-27,11:39:18,0.00,0.0,0.000000,0.000000,0,0.00,0.00
2025-11-27,11:39:19,0.00,0.0,0.000000,0.000000,0,0.00,0.00
2025-11-27,11:39:20,0.00,0.0,0.000000,0.000000,0,0.00,0.00
2025-11-27,11:39:22,0.00,0.0,0.000000,0.000000,0,0.00,0.00
2025-11-27,11:39:23,0.00,0.0,0.000000,0.000000,0,0.00,0.00
2025-11-27,11:39:24,0.00,0.0,0.000000,0.000000,0,0.00,0.00
2025-11-27,11:39:25,0.00,0.0,0.000000,0.000000,0,0.00,0.00
2025-11-27,11:39:26,0.00,0.0,0.000000,0.000000,0,0.00,0.00
2025-11-27,11:39:27,0.00,0.0,0.000000,0.000000,0,0.00,0.00
2025-11-27,11:39:28,0.00,0.0,0.000000,0.000000,0,0.00,0.00
2025-11-27,11:39:29,0.00,0.0,0.000000,0.000000,0,0.00,0.00
2025-11-27,11:39:30,0.00,0.0,0.000000,0.000000,0,0.00,0.00
2025-11-27,11:39:31,0.00,0.0,0.000000,0.000000,0,0.00,0.00
2025-11-27,11:39:32,0.00,0.0,0.000000,0.000000,0,0.00,0.00
2025-11-27,11:39:33,0.00,0.0,0.000000,0.000000,0,0.00,0.00
2025-11-27,11:39:34,0.00,0.0,0.000000,0.000000,0,0.00,0.00
2025-11-27,11:39:35,0.00,0.0,0.000000,0.000000,0,0.00,0.00
2025-11-27,11:39:36,0.00,0.0,0.000000,0.000000,0,0.00,0.00
2025-11-27,11:39:37,0.00,0.0,0.000000,0.000000,0,0.00,0.00
2025-11-27,11:39:38,0.00,0.0,0.000000,0.000000,0,0.00,0.00
2025-11-27,11:39:39,0.00,0.0,0.000000,0.000000,0,0.00,0.00
2025-11-27,11:39:40,0.00,0.0,0.000000,0.000000,0,0.00,0.00
2025-11-27,11:39:41,0.00,0.0,0.000000,0.000000,0,0.00,0.00
2025-11-27,11:39:42,0.00,0.0,0.000000,0.000000,0,0.00,0.00
2025-11-27,11:39:43,0.00,0.0,0.000000,0.000000,0,0.00,0.00
2025-11-27,11:39:44,0.00,0.0,0.000000,0.000000,0,0.00,0.00
2025-11-27,11:39:45,0.00,0.0,0.000000,0.000000,0,0.00,0.00
2025-11-27,11:39:46,0.00,0.0,0.000000,0.000000,0,0.00,0.00
2025-11-27,11:39:47,0.00,0.0,0.000000,0.000000,0,0.00,0.00
2025-11-27,11:39:48,0.00,0.0,0.000000,0.000000,0,0.00,0.00
2025-11-27,11:39:49,0.00,0.0,0.000000,0.000000,0,0.00,0.00
2025-11-27,11:39:50,0.00,0.0,0.000000,0.000000,0,0.00,0.00
2025-11-27,11:39:51,0.00,0.0,0.000000,0.000000,0,0.00,0.00
2025-11-27,11:39:52,0.00,0.0,0.000000,0.000000,0,0.00,0.00
2025-11-27,11:39:53,0.00,0.0,0.000000,0.000000,0,0.00,0.00
2025-11-27,11:39:54,0.00,0.0,0.000000,0.000000,0,0.00,0.00
2025-11-27,11:39:55,0.00,0.0,0.000000,0.000000,0,0.00,0.00
2025-11-27,11:39:56,0.00,0.0,0.000000,0.000000,0,0.00,0.00
2025-11-27,11:39:57,0.00,0.0,0.000000,0.000000,0,0.00,0.00
2025-11-27,11:39:58,0.00,0.0,0.000000,0.000000,0,0.00,0.00
2025-11-27,11:39:59,0.00,0.0,0.000000,0.000000,0,0.00,0.00
2025-11-27,11:40:00,0.00,0.0,0.000000,0.000000,0,0.00,0.00
2025-11-27,11:40:01,0.00,0.0,0.000000,0.000000,0,0.00,0.00
2025-11-27,11:40:02,0.00,0.0,0.000000,0.000000,0,0.00,0.00
2025-11-27,11:40:03,0.00,0.0,0.000000,0.000000,0,0.00,0.00
2025-11-27,11:40:04,0.00,0.0,0.000000,0.000000,0,0.00,0.00
2025-11-27,11:40:05,0.00,0.0,0.000000,0.000000,0,0.00,0.00
2025-11-27,11:40:06,0.00,0.0,0.000000,0.000000,0,0.00,0.00
2025-11-27,11:40:07,0.00,0.0,0.000000,0.000000,0,0.00,0.00
2025-11-27,11:40:08,0.00,0.0,0.000000,0.000000,0,0.00,0.00
2025-11-27,11:40:09,0.00,0.0,0.000000,0.000000,0,0.00,0.00
2025-11-27,11:40:10,0.00,0.0,0.000000,0.000000,0,0.00,0.00
2025-11-27,11:40:11,0.00,0.0,0.000000,0.000000,0,0.00,0.00
2025-11-27,11:40:12,0.00,0.0,0.000000,0.000000,0,0.00,0.00
2025-11-27,11:40:13,0.00,0.0,0.000000,0.000000,0,0.00,0.00
2025-11-27,11:40:14,0.00,0.0,0.000000,0.000000,0,0.00,0.00
2025-11-27,11:40:15,0.00,0.0,0.000000,0.000000,0,0.00,0.00
2025-11-27,11:40:16,0.00,0.0,0.000000,0.000000,0,0.00,0.00
2025-11-27,11:40:17,0.00,0.0,0.000000,0.000000,0,0.00,0.00
2025-11-27,11:40:18,0.00,0.0,0.000000,0.000000,0,0.00,0.00
2025-11-27,11:40:19,0.00,0.0,0.000000,0.000000,0,0.00,0.00
2025-11-27,11:40:20,0.00,0.0,0.000000,0.000000,0,0.00,0.00
2025-11-27,11:40:21,0.00,0.0,0.000000,0.000000,0,0.00,0.00
2025-11-27,11:40:22,0.00,0.0,0.000000,0.000000,0,0.00,0.00
2025-11-27,11:40:23,0.00,0.0,0.000000,0.000000,0,0.00,0.00
2025-11-27,11:40:24,0.00,0.0,0.000000,0.000000,0,0.00,0.00
2025-11-27,11:40:25,0.00,0.0,0.000000,0.000000,0,0.00,0.00
2025-11-27,11:40:26,0.00,0.0,0.000000,0.000000,0,0.00,0.00
2025-11-27,11:40:27,0.00,0.0,-39.833140,-73.245440,1,3.42,0.00
2025-11-27,11:40:28,0.00,0.0,-39.833125,-73.245420,1,3.16,0.00
2025-11-27,11:40:29,0.00,0.0,-39.833143,-73.245403,1,3.60,0.00
2025-11-27,11:40:30,0.00,0.0,-39.833167,-73.245387,1,3.59,0.00
2025-11-27,11:40:31,0.00,0.0,-39.833185,-73.245379,1,3.27,0.00
2025-11-27,11:40:32,0.00,0.0,-39.833204,-73.245376,1,4.33,0.00
2025-11-27,11:40:33,0.00,0.0,-39.833209,-73.245374,1,3.54,0.00
2025-11-27,11:40:34,0.00,0.0,-39.833250,-73.245376,1,3.45,0.00
2025-11-27,11:40:35,0.00,0.0,-39.833272,-73.245376,1,3.22,0.00
2025-11-27,11:40:36,0.00,0.0,-39.833283,-73.245377,1,2.32,0.00
2025-11-27,11:40:37,0.00,0.0,-39.833301,-73.245378,1,1.89,0.00
2025-11-27,11:40:38,0.00,0.0,-39.832721,-73.245323,1,2.48,0.00
2025-11-27,11:40:39,0.00,0.0,-39.832716,-73.245331,1,1.91,0.00
2025-11-27,11:40:40,0.00,0.0,-39.832721,-73.245342,1,2.79,0.00
2025-11-27,11:40:41,0.00,0.0,-39.832729,-73.245351,1,2.18,0.00
2025-11-27,11:40:42,0.00,0.0,-39.832737,-73.245359,1,2.34,0.00
2025-11-27,11:40:43,0.00,0.0,-39.832745,-73.245365,1,2.02,0.00
2025-11-27,11:40:44,0.00,0.0,-39.832749,-73.245367,1,1.10,0.00
2025-11-27,11:40:45,0.00,0.0,-39.832752,-73.245371,1,1.57,0.00
2025-11-27,11:40:46,0.00,0.0,-39.832751,-73.245364,1,1.11,0.00
2025-11-27,11:40:47,0.00,0.0,-39.832746,-73.245361,1,0.67,0.00
2025-11-27,11:40:48,0.00,0.0,-39.832749,-73.245361,1,1.14,0.00
2025-11-27,11:40:49,0.00,0.0,-39.832749,-73.245353,1,0.65,0.00
2025-11-27,11:40:50,0.00,0.0,-39.832751,-73.245355,1,0.23,0.00
2025-11-27,11:40:51,0.00,0.0,-39.832748,-73.245334,1,0.81,0.00
2025-11-27,11:40:52,0.00,0.0,-39.832744,-73.245316,1,1.07,0.00
2025-11-27,11:40:53,0.00,0.0,-39.832743,-73.245291,1,2.45,0.00
2025-11-27,11:40:54,0.00,0.0,-39.832741,-73.245284,1,1.28,0.00
2025-11-27,11:40:55,0.00,0.0,-39.832743,-73.245278,1,1.30,0.00
2025-11-27,11:40:56,0.00,0.0,-39.832743,-73.245268,1,1.35,0.00
2025-11-27,11:40:57,0.00,0.0,-39.832746,-73.245263,1,1.49,0.00
2025-11-27,11:40:58,0.00,0.0,-39.832757,-73.245263,1,2.77,0.00
2025-11-27,11:40:59,0.00,0.0,-39.832764,-73.245265,1,1.69,0.00
2025-11-27,11:41:00,0.00,0.0,-39.832767,-73.245262,1,1.45,0.00
2025-11-27,11:41:01,0.00,0.0,-39.832763,-73.245237,1,2.06,0.00
2025-11-27,11:41:02,0.00,0.0,-39.832770,-73.245244,1,0.52,0.00
2025-11-27,11:41:03,0.00,0.0,-39.832775,-73.245245,1,1.02,0.00
2025-11-27,11:41:04,0.00,0.0,-39.832783,-73.245250,1,0.72,0.00
2025-11-27,11:41:05,0.00,0.0,-39.832789,-73.245252,1,0.62,0.00
2025-11-27,11:41:06,0.00,0.0,-39.832803,-73.245260,1,1.22,0.00
2025-11-27,11:41:07,0.00,0.0,-39.832812,-73.245267,1,1.84,0.00
2025-11-27,11:41:08,0.00,0.0,-39.832824,-73.245275,1,1.71,0.00
2025-11-27,11:41:09,0.00,0.0,-39.832832,-73.245274,1,1.20,0.00
2025-11-27,11:41:10,0.00,0.0,-39.832844,-73.245280,1,2.27,0.00
2025-11-27,11:41:11,0.00,0.0,-39.832857,-73.245296,1,1.08,0.00
2025-11-27,11:41:12,0.00,0.0,-39.832860,-73.245299,1,0.44,0.00
2025-11-27,11:41:13,0.00,0.0,-39.832866,-73.245301,1,0.85,0.00
2025-11-27,11:41:14,0.00,0.0,-39.832874,-73.245295,1,2.21,0.00
2025-11-27,11:41:15,0.00,0.0,-39.832880,-73.245293,1,1.57,0.00
2025-11-27,11:41:16,0.00,0.0,-39.832890,-73.245301,1,1.47,0.00
2025-11-27,11:41:17,0.00,0.0,-39.832893,-73.245305,1,1.17,0.00
2025-11-27,11:41:18,0.00,0.0,-39.832897,-73.245308,1,0.88,0.00
2025-11-27,11:41:19,0.00,0.0,-39.832896,-73.245308,1,0.47,0.00
2025-11-27,11:41:20,0.00,0.0,-39.832900,-73.245310,1,1.18,0.00
2025-11-27,11:41:21,0.00,0.0,-39.832904,-73.245301,1,1.33,0.00
2025-11-27,11:41:22,0.00,0.0,-39.832910,-73.245305,1,0.93,0.00
2025-11-27,11:41:23,0.00,0.0,-39.832917,-73.245306,1,1.36,0.00
2025-11-27,11:41:24,0.00,0.0,-39.832923,-73.245302,1,0.94,0.00
2025-11-27,11:41:25,0.00,0.0,-39.832935,-73.245300,1,1.54,0.00
2025-11-27,11:41:26,0.00,0.0,-39.832944,-73.245300,1,2.13,0.00
2025-11-27,11:41:27,0.00,0.0,-39.832949,-73.245299,1,1.01,0.00
2025-11-27,11:41:28,0.00,0.0,-39.832953,-73.245300,1,0.88,0.00
2025-11-27,11:41:29,0.00,0.0,-39.832963,-73.245302,1,0.86,0.00
2025-11-27,11:41:30,0.00,0.0,-39.832976,-73.245303,1,1.01,0.00
2025-11-27,11:41:31,0.00,0.0,-39.832988,-73.245305,1,0.93,0.00
2025-11-27,11:41:32,0.00,0.0,-39.832998,-73.245305,1,1.25,0.00
2025-11-27,11:41:33,0.00,0.0,-39.833004,-73.245306,1,0.60,0.00
2025-11-27,11:41:34,0.00,0.0,-39.833018,-73.245311,1,1.85,0.00
2025-11-27,11:41:35,0.00,0.0,-39.833028,-73.245312,1,1.21,0.00
2025-11-27,11:41:36,0.00,0.0,-39.833041,-73.245321,1,1.80,0.00
2025-11-27,11:41:37,0.00,0.0,-39.833057,-73.245340,1,0.90,0.00
2025-11-27,11:41:38,0.00,0.0,-39.833068,-73.245346,1,0.77,0.00
2025-11-27,11:41:39,0.00,0.0,-39.833084,-73.245348,1,2.46,0.00
2025-11-27,11:41:40,0.00,0.0,-39.833100,-73.245362,1,2.43,0.00
2025-11-27,11:41:41,0.00,0.0,-39.833108,-73.245367,1,0.18,0.00
2025-11-27,11:41:42,0.00,0.0,-39.833114,-73.245361,1,0.99,0.00
2025-11-27,11:41:43,0.00,0.0,-39.833129,-73.245370,1,1.68,0.00
2025-11-27,11:41:44,0.00,0.0,-39.833145,-73.245381,1,1.92,0.00
2025-11-27,11:41:45,0.00,0.0,-39.833149,-73.245381,1,0.67,0.00
2025-11-27,11:41:46,0.00,0.0,-39.833157,-73.245381,1,1.37,0.00
2025-11-27,11:41:47,0.00,0.0,-39.833171,-73.245389,1,1.64,0.00
2025-11-27,11:41:48,0.00,0.0,-39.833185,-73.245395,1,1.96,0.00
2025-11-27,11:41:49,0.00,0.0,-39.833201,-73.245410,1,2.15,0.00
2025-11-27,11:41:50,0.00,0.0,-39.833222,-73.245431,1,2.22,0.00
2025-11-27,11:41:51,0.00,0.0,-39.833234,-73.245446,1,1.43,0.00
2025-11-27,11:41:52,0.00,0.0,-39.833249,-73.245475,1,2.36,0.00
2025-11-27,11:41:53,0.00,0.0,-39.833258,-73.245485,1,2.44,0.00
2025-11-27,11:41:54,0.00,0.0,-39.833277,-73.245498,1,2.89,0.00
2025-11-27,11:41:55,0.00,0.0,-39.833298,-73.245514,1,4.11,0.00
2025-11-27,11:41:56,0.00,0.0,-39.833307,-73.245520,1,2.15,0.00
2025-11-27,11:41:57,0.00,0.0,-39.833318,-73.245532,1,2.44,0.00
2025-11-27,11:41:58,0.00,0.0,-39.833331,-73.245544,1,3.45,0.00
2025-11-27,11:41:59,0.00,0.0,-39.833347,-73.245551,1,3.09,0.00
2025-11-27,11:42:00,0.00,0.0,-39.833355,-73.245599,1,4.46,0.00
2025-11-27,11:42:01,0.00,0.0,-39.833366,-73.245611,1,5.75,0.00
2025-11-27,11:42:02,0.00,0.0,-39.833396,-73.245639,1,6.62,0.00
2025-11-27,11:42:03,0.00,0.0,-39.833415,-73.245665,1,5.77,0.00
2025-11-27,11:42:04,0.00,0.0,-39.833437,-73.245699,1,5.58,0.00
2025-11-27,11:42:05,0.00,0.0,-39.833454,-73.245722,1,4.37,0.00
2025-11-27,11:42:06,0.00,0.0,-39.833455,-73.245739,1,0.54,0.00
2025-11-27,11:42:07,0.00,0.0,-39.833468,-73.245763,1,3.03,0.00
2025-11-27,11:42:08,0.00,0.0,-39.833480,-73.245790,1,2.78,0.00
2025-11-27,11:42:09,0.00,0.0,-39.833493,-73.245822,1,1.16,0.00
2025-11-27,11:42:10,0.00,0.0,-39.833505,-73.245874,1,5.33,0.00
2025-11-27,11:42:11,0.00,0.0,-39.833528,-73.245924,1,3.23,0.00
2025-11-27,11:42:12,0.00,0.0,-39.833557,-73.245956,1,5.99,0.00
2025-11-27,11:42:13,0.00,0.0,-39.833571,-73.245990,1,3.46,0.00
2025-11-27,11:42:14,0.00,0.0,-39.833588,-73.246022,1,4.07,0.00
2025-11-27,11:42:15,0.00,0.0,-39.833594,-73.246037,1,1.37,0.00
2025-11-27,11:42:16,0.00,0.0,-39.833596,-73.246057,1,0.52,0.00
2025-11-27,11:42:17,0.00,0.0,-39.833589,-73.246078,1,2.51,0.00
2025-11-27,11:42:18,0.00,0.0,-39.833583,-73.246106,1,2.76,0.00
2025-11-27,11:42:19,0.00,0.0,-39.833585,-73.246152,1,1.39,0.00
2025-11-27,11:42:20,0.00,0.0,-39.833566,-73.246173,1,2.13,0.00
2025-11-27,11:42:21,0.00,0.0,-39.833574,-73.246210,1,5.09,0.00
2025-11-27,11:42:22,0.00,0.0,-39.833586,-73.246246,1,5.16,0.00
2025-11-27,11:42:23,0.00,0.0,-39.833604,-73.246295,1,4.59,0.00
2025-11-27,11:42:24,0.00,0.0,-39.833626,-73.246336,1,5.19,0.00
2025-11-27,11:42:25,0.00,0.0,-39.833648,-73.246377,1,3.06,0.00
2025-11-27,11:42:26,0.00,0.0,-39.833664,-73.246419,1,4.06,0.00
2025-11-27,11:42:27,0.00,0.0,-39.833670,-73.246447,1,2.01,0.00
2025-11-27,11:42:28,0.00,0.0,-39.833678,-73.246464,1,1.45,0.00
2025-11-27,11:42:29,0.00,0.0,-39.833682,-73.246485,1,2.11,0.00
2025-11-27,11:42:30,0.00,0.0,-39.833691,-73.246522,1,1.96,0.00
2025-11-27,11:42:31,0.00,0.0,-39.833703,-73.246552,1,6.17,0.00
2025-11-27,11:42:32,0.00,0.0,-39.833716,-73.246570,1,0.52,0.00
2025-11-27,11:42:33,0.00,0.0,-39.833715,-73.246589,1,1.33,0.00
2025-11-27,11:42:34,0.00,0.0,-39.833724,-73.246632,1,4.51,0.00
2025-11-27,11:42:35,0.00,0.0,-39.833733,-73.246667,1,4.07,0.00
2025-11-27,11:42:36,0.00,0.0,-39.833740,-73.246683,1,2.28,0.00
2025-11-27,11:42:37,0.00,0.0,-39.833745,-73.246700,1,2.01,0.00
2025-11-27,11:42:38,0.00,0.0,-39.833747,-73.246741,1,3.99,0.00
2025-11-27,11:42:39,0.00,0.0,-39.833752,-73.246763,1,1.81,0.00
2025-11-27,11:42:40,0.00,0.0,-39.833756,-73.246784,1,2.49,0.00
2025-11-27,11:42:41,0.00,0.0,-39.833780,-73.246824,1,4.52,0.00
2025-11-27,11:42:42,0.00,0.0,-39.833785,-73.246853,1,3.56,0.00
2025-11-27,11:42:43,0.00,0.0,-39.833792,-73.246886,1,4.35,0.00
2025-11-27,11:42:44,0.00,0.0,-39.833791,-73.246910,1,3.47,0.00
2025-11-27,11:42:45,0.00,0.0,-39.833797,-73.246933,1,2.93,0.00
2025-11-27,11:42:46,0.00,0.0,-39.833794,-73.246939,1,1.13,0.00
2025-11-27,11:42:47,0.00,0.0,-39.833793,-73.246948,1,0.53,0.00
2025-11-27,11:42:48,0.00,0.0,-39.833776,-73.246964,1,3.01,0.00
2025-11-27,11:42:49,0.00,0.0,-39.833790,-73.246986,1,1.36,0.00
2025-11-27,11:42:50,0.00,0.0,-39.833794,-73.247014,1,2.98,0.00
2025-11-27,11:42:51,0.00,0.0,-39.833800,-73.247045,1,2.35,0.00
2025-11-27,11:42:52,0.00,0.0,-39.833807,-73.247071,1,2.12,0.00
2025-11-27,11:42:53,0.00,0.0,-39.833801,-73.247091,1,2.08,0.00
2025-11-27,11:42:54,0.00,0.0,-39.833830,-73.247129,1,3.87,0.00
2025-11-27,11:42:55,0.00,0.0,-39.833838,-73.247144,1,2.87,0.00
2025-11-27,11:42:56,0.00,0.0,-39.833828,-73.247170,1,2.66,0.00
2025-11-27,11:42:57,0.00,0.0,-39.833830,-73.247200,1,2.50,0.00
2025-11-27,11:42:58,0.00,0.0,-39.833819,-73.247226,1,3.26,0.00
2025-11-27,11:42:59,0.00,0.0,-39.833820,-73.247265,1,3.54,0.00
2025-11-27,11:43:00,0.00,0.0,-39.833818,-73.247298,1,3.44,0.00
2025-11-27,11:43:01,0.00,0.0,-39.833815,-73.247326,1,3.05,0.00
2025-11-27,11:43:02,0.00,0.0,-39.833805,-73.247352,1,3.02,0.00
2025-11-27,11:43:03,0.00,0.0,-39.833806,-73.247375,1,1.85,0.00
2025-11-27,11:43:04,0.00,0.0,-39.833823,-73.247411,1,3.24,0.00
2025-11-27,11:43:05,0.00,0.0,-39.833826,-73.247450,1,3.06,0.00
2025-11-27,11:43:06,0.00,0.0,-39.833836,-73.247474,1,2.35,0.00
2025-11-27,11:43:07,0.00,0.0,-39.833840,-73.247503,1,2.60,0.00
2025-11-27,11:43:08,0.00,0.0,-39.833840,-73.247531,1,1.00,0.00
2025-11-27,11:43:09,0.00,0.0,-39.833837,-73.247546,1,0.96,0.00
2025-11-27,11:43:10,0.00,0.0,-39.833846,-73.247576,1,0.48,0.00
2025-11-27,11:43:11,0.00,0.0,-39.833829,-73.247593,1,2.09,0.00
2025-11-27,11:43:12,0.00,0.0,-39.833803,-73.247606,1,3.60,0.00
2025-11-27,11:43:13,0.00,0.0,-39.833786,-73.247634,1,4.26,0.00
2025-11-27,11:43:14,0.00,0.0,-39.833782,-73.247659,1,2.45,0.00
2025-11-27,11:43:15,0.00,0.0,-39.833785,-73.247707,1,3.93,0.00
2025-11-27,11:43:16,0.00,0.0,-39.833806,-73.247777,1,5.49,0.00
2025-11-27,11:43:17,0.00,0.0,-39.833807,-73.247831,1,4.41,0.00
2025-11-27,11:43:18,0.00,0.0,-39.833816,-73.247877,1,3.91,0.00
2025-11-27,11:43:19,0.00,0.0,-39.833821,-73.247913,1,2.86,0.00
2025-11-27,11:43:20,0.00,0.0,-39.833827,-73.247961,1,3.39,0.00
2025-11-27,11:43:21,0.00,0.0,-39.833831,-73.248004,1,3.86,0.00
2025-11-27,11:43:22,0.00,0.0,-39.833829,-73.248045,1,3.70,0.00
2025-11-27,11:43:23,0.00,0.0,-39.833827,-73.248100,1,4.20,0.00
2025-11-27,11:43:24,0.00,0.0,-39.833807,-73.248148,1,5.36,0.00
2025-11-27,11:43:25,0.00,0.0,-39.833809,-73.248188,1,3.48,0.00
2025-11-27,11:43:26,0.00,0.0,-39.833812,-73.248216,1,2.46,0.00
2025-11-27,11:43:27,0.00,0.0,-39.833808,-73.248245,1,2.56,0.00
2025-11-27,11:43:28,0.00,0.0,-39.833811,-73.248274,1,2.38,0.00
2025-11-27,11:43:29,0.00,0.0,-39.833804,-73.248313,1,3.84,0.00
2025-11-27,11:43:30,0.00,0.0,-39.833791,-73.248355,1,4.21,0.00
2025-11-27,11:43:31,0.00,0.0,-39.833790,-73.248397,1,4.24,0.00
2025-11-27,11:43:32,0.00,0.0,-39.833799,-73.248441,1,4.28,0.00
2025-11-27,11:43:33,0.00,0.0,-39.833785,-73.248470,1,3.44,0.00
2025-11-27,11:43:34,0.00,0.0,-39.833779,-73.248508,1,4.31,0.00
2025-11-27,11:43:35,0.00,0.0,-39.833776,-73.248542,1,3.92,0.00
2025-11-27,11:43:36,0.00,0.0,-39.833770,-73.248576,1,3.92,0.00
2025-11-27,11:43:37,0.00,0.0,-39.833766,-73.248619,1,4.84,0.00
2025-11-27,11:43:38,0.00,0.0,-39.833772,-73.248651,1,3.10,0.00
2025-11-27,11:43:39,0.00,0.0,-39.833776,-73.248673,1,2.61,0.00
2025-11-27,11:43:40,0.00,0.0,-39.833772,-73.248699,1,2.60,0.00
2025-11-27,11:43:41,0.00,0.0,-39.833768,-73.248719,1,2.05,0.00
2025-11-27,11:43:42,0.00,0.0,-39.833752,-73.248743,1,2.89,0.00
2025-11-27,11:43:43,0.00,0.0,-39.833746,-73.248777,1,3.23,0.00
2025-11-27,11:43:44,0.00,0.0,-39.833745,-73.248818,1,3.87,0.00
2025-11-27,11:43:45,0.00,0.0,-39.833745,-73.248851,1,3.04,0.00
2025-11-27,11:43:46,0.00,0.0,-39.833743,-73.248884,1,3.62,0.00
2025-11-27,11:43:47,0.00,0.0,-39.833739,-73.248922,1,4.16,0.00
2025-11-27,11:43:48,0.00,0.0,-39.833747,-73.248962,1,4.73,0.00
2025-11-27,11:43:49,0.00,0.0,-39.833737,-73.248996,1,4.05,0.00
2025-11-27,11:43:50,0.00,0.0,-39.833723,-73.249022,1,2.44,0.00
2025-11-27,11:43:51,0.00,0.0,-39.833713,-73.249059,1,3.90,0.00
2025-11-27,11:43:52,0.00,0.0,-39.833719,-73.249081,1,1.56,0.00
2025-11-27,11:43:53,0.00,0.0,-39.833711,-73.249106,1,2.66,0.00
2025-11-27,11:43:54,0.00,0.0,-39.833690,-73.249128,1,3.35,0.00
2025-11-27,11:43:55,0.00,0.0,-39.833672,-73.249143,1,2.88,0.00
2025-11-27,11:43:56,0.00,0.0,-39.833686,-73.249176,1,2.41,0.00
2025-11-27,11:43:57,0.00,0.0,-39.833663,-73.249214,1,3.81,0.00
2025-11-27,11:43:58,0.00,0.0,-39.833675,-73.249270,1,5.07,0.00
2025-11-27,11:43:59,0.00,0.0,-39.833678,-73.249314,1,4.69,0.00
2025-11-27,11:44:00,0.00,0.0,-39.833672,-73.249345,1,5.38,0.00
2025-11-27,11:44:01,0.00,0.0,-39.833655,-73.249381,1,4.15,0.00
2025-11-27,11:44:02,0.00,0.0,-39.833656,-73.249421,1,4.82,0.00
2025-11-27,11:44:03,0.00,0.0,-39.833645,-73.249473,1,5.44,0.00
2025-11-27,11:44:04,0.00,0.0,-39.833629,-73.249512,1,4.47,0.00
2025-11-27,11:44:05,0.00,0.0,-39.833620,-73.249542,1,2.84,0.00
2025-11-27,11:44:06,0.00,0.0,-39.833613,-73.249579,1,3.32,0.00
2025-11-27,11:44:07,0.00,0.0,-39.833597,-73.249613,1,4.56,0.00
2025-11-27,11:44:08,0.00,0.0,-39.833588,-73.249641,1,3.79,0.00
2025-11-27,11:44:09,0.00,0.0,-39.833578,-73.249663,1,2.82,0.00
2025-11-27,11:44:10,0.00,0.0,-39.833572,-73.249700,1,3.61,0.00
2025-11-27,11:44:11,0.00,0.0,-39.833561,-73.249724,1,2.53,0.00
2025-11-27,11:44:12,0.00,0.0,-39.833563,-73.249752,1,2.27,0.00
2025-11-27,11:44:13,0.00,0.0,-39.833560,-73.249767,1,0.55,0.00
2025-11-27,11:44:14,0.00,0.0,-39.833537,-73.249798,1,3.74,0.00
2025-11-27,11:44:15,0.00,0.0,-39.833528,-73.249826,1,3.00,0.00
2025-11-27,11:44:16,0.00,0.0,-39.833515,-73.249853,1,3.03,0.00
2025-11-27,11:44:17,0.00,0.0,-39.833497,-73.249881,1,3.42,0.00
2025-11-27,11:44:18,0.00,0.0,-39.833477,-73.249896,1,3.49,0.00
2025-11-27,11:44:19,0.00,0.0,-39.833475,-73.249929,1,3.01,0.00
2025-11-27,11:44:20,0.00,0.0,-39.833476,-73.249962,1,3.29,0.00
2025-11-27,11:44:21,0.00,0.0,-39.833463,-73.249975,1,1.29,0.00
2025-11-27,11:44:22,0.00,0.0,-39.833448,-73.249979,1,1.25,0.00
2025-11-27,11:44:23,0.00,0.0,-39.833432,-73.249991,1,2.13,0.00
2025-11-27,11:44:24,0.00,0.0,-39.833423,-73.250000,1,1.02,0.00
2025-11-27,11:44:25,0.00,0.0,-39.833394,-73.250011,1,2.90,0.00
2025-11-27,11:44:26,0.00,0.0,-39.833374,-73.250026,1,1.65,0.00
2025-11-27,11:44:27,0.00,0.0,-39.833371,-73.250039,1,1.06,0.00
2025-11-27,11:44:28,0.00,0.0,-39.833366,-73.250051,1,0.96,0.00
2025-11-27,11:44:29,0.00,0.0,-39.833374,-73.250056,1,2.35,0.00
2025-11-27,11:44:30,0.00,0.0,-39.833378,-73.250083,1,1.91,0.00
2025-11-27,11:44:31,0.00,0.0,-39.833385,-73.250095,1,2.19,0.00
2025-11-27,11:44:32,0.00,0.0,-39.833364,-73.250097,1,2.30,0.00
2025-11-27,11:44:33,0.00,0.0,-39.833361,-73.250105,1,0.78,0.00
2025-11-27,11:44:34,0.00,0.0,-39.833357,-73.250127,1,0.66,0.00
2025-11-27,11:44:35,0.00,0.0,-39.833347,-73.250145,1,1.82,0.00
2025-11-27,11:44:36,0.00,0.0,-39.833337,-73.250155,1,2.03,0.00
2025-11-27,11:44:37,0.00,0.0,-39.833325,-73.250159,1,1.14,0.00
2025-11-27,11:44:38,0.00,0.0,-39.833310,-73.250176,1,1.57,0.00
2025-11-27,11:44:39,0.00,0.0,-39.833317,-73.250188,1,0.61,0.00
2025-11-27,11:44:40,0.00,0.0,-39.833313,-73.250229,1,3.10,0.00
2025-11-27,11:44:41,0.00,0.0,-39.833302,-73.250255,1,2.88,0.00
2025-11-27,11:44:42,0.00,0.0,-39.833287,-73.250285,1,2.36,0.00
2025-11-27,11:44:43,0.00,0.0,-39.833256,-73.250291,1,1.63,0.00
2025-11-27,11:44:44,0.00,0.0,-39.833249,-73.250309,1,1.37,0.00
2025-11-27,11:44:45,0.00,0.0,-39.833231,-73.250332,1,2.15,0.00
2025-11-27,11:44:46,0.00,0.0,-39.833217,-73.250358,1,2.39,0.00
2025-11-27,11:44:47,0.00,0.0,-39.833197,-73.250376,1,1.84,0.00
2025-11-27,11:44:48,0.00,0.0,-39.833191,-73.250393,1,0.82,0.00
2025-11-27,11:44:49,0.00,0.0,-39.833178,-73.250399,1,0.63,0.00
2025-11-27,11:44:50,0.00,0.0,-39.833173,-73.250408,1,0.20,0.00
2025-11-27,11:44:51,0.00,0.0,-39.833158,-73.250401,1,1.56,0.00
2025-11-27,11:44:52,0.00,0.0,-39.833135,-73.250394,1,2.51,0.00
2025-11-27,11:44:53,0.00,0.0,-39.833117,-73.250373,1,2.81,0.00
2025-11-27,11:44:54,0.00,0.0,-39.833105,-73.250379,1,1.36,0.00
2025-11-27,11:44:55,0.00,0.0,-39.833101,-73.250392,1,0.46,0.00
2025-11-27,11:44:56,0.00,0.0,-39.833095,-73.250410,1,0.39,0.00
2025-11-27,11:44:57,0.00,0.0,-39.833092,-73.250420,1,0.31,0.00
2025-11-27,11:44:58,0.00,0.0,-39.833095,-73.250446,1,0.80,0.00
2025-11-27,11:44:59,0.00,0.0,-39.833098,-73.250449,1,1.21,0.00
2025-11-27,11:45:00,0.00,0.0,-39.833107,-73.250471,1,1.43,0.00
2025-11-27,11:45:01,0.00,0.0,-39.833109,-73.250471,1,1.09,0.00
2025-11-27,11:45:02,0.00,0.0,-39.833112,-73.250482,1,2.01,0.00
2025-11-27,11:45:03,0.00,0.0,-39.833112,-73.250485,1,1.71,0.00
2025-11-27,11:45:04,0.00,0.0,-39.833106,-73.250490,1,1.24,0.00
2025-11-27,11:45:05,0.00,0.0,-39.833106,-73.250492,1,1.41,0.00
2025-11-27,11:45:06,0.00,0.0,-39.833102,-73.250487,1,2.66,0.00
2025-11-27,11:45:07,0.00,0.0,-39.833102,-73.250503,1,1.65,0.00
2025-11-27,11:45:08,0.00,0.0,-39.833117,-73.250521,1,1.82,0.00
2025-11-27,11:45:09,0.00,0.0,-39.833127,-73.250559,1,1.46,0.00
2025-11-27,11:45:10,0.00,0.0,-39.833131,-73.250591,1,2.91,0.00
2025-11-27,11:45:11,0.00,0.0,-39.833129,-73.250601,1,3.14,0.00
2025-11-27,11:45:12,0.00,0.0,-39.833129,-73.250615,1,2.58,0.00
2025-11-27,11:45:13,0.00,0.0,-39.833128,-73.250626,1,2.57,0.00
2025-11-27,11:45:14,0.00,0.0,-39.833128,-73.250629,1,1.72,0.00
2025-11-27,11:45:15,0.00,0.0,-39.833137,-73.250633,1,1.82,0.00
2025-11-27,11:45:16,0.00,0.0,-39.833139,-73.250634,1,1.92,0.00
2025-11-27,11:45:17,0.00,0.0,-39.833142,-73.250628,1,2.82,0.00
2025-11-27,11:45:18,0.00,0.0,-39.833144,-73.250622,1,2.46,0.00
2025-11-27,11:45:19,0.00,0.0,-39.833139,-73.250613,1,2.97,0.00
2025-11-27,11:45:20,0.00,0.0,-39.833137,-73.250603,1,3.14,0.00
2025-11-27,11:45:21,0.00,0.0,-39.833134,-73.250595,1,2.97,0.00
2025-11-27,11:45:22,0.00,0.0,-39.833131,-73.250588,1,2.17,0.00
2025-11-27,11:45:23,0.00,0.0,-39.833129,-73.250589,1,1.44,0.00
2025-11-27,11:45:24,0.00,0.0,-39.833151,-73.250601,1,0.88,0.00
2025-11-27,11:45:25,0.00,0.0,-39.833155,-73.250604,1,0.72,0.00
2025-11-27,11:45:26,0.00,0.0,-39.833163,-73.250603,1,1.94,0.00
2025-11-27,11:45:27,0.00,0.0,-39.833175,-73.250611,1,2.48,0.00
2025-11-27,11:45:28,0.00,0.0,-39.833183,-73.250608,1,2.37,0.00
2025-11-27,11:45:29,0.00,0.0,-39.833188,-73.250609,1,1.33,0.00
2025-11-27,11:45:30,0.00,0.0,-39.833195,-73.250607,1,1.29,0.00
2025-11-27,11:45:31,0.00,0.0,-39.833194,-73.250603,1,0.71,0.00
2025-11-27,11:45:32,0.00,0.0,-39.833198,-73.250593,1,1.88,0.00
2025-11-27,11:45:33,0.00,0.0,-39.833195,-73.250579,1,2.39,0.00
2025-11-27,11:45:34,0.00,0.0,-39.833195,-73.250565,1,2.27,0.00
2025-11-27,11:45:35,0.00,0.0,-39.833194,-73.250550,1,2.54,0.00
2025-11-27,11:45:36,0.00,0.0,-39.833194,-73.250534,1,2.92,0.00
2025-11-27,11:45:37,0.00,0.0,-39.833194,-73.250517,1,2.92,0.00
2025-11-27,11:45:38,0.00,0.0,-39.833199,-73.250501,1,2.84,0.00
2025-11-27,11:45:39,0.00,0.0,-39.833211,-73.250488,1,2.56,0.00
2025-11-27,11:45:40,0.00,0.0,-39.833216,-73.250472,1,2.56,0.00
2025-11-27,11:45:41,0.00,0.0,-39.833219,-73.250443,1,2.53,0.00
2025-11-27,11:45:42,0.00,0.0,-39.833219,-73.250443,1,2.53,0.00
2025-11-27,11:45:43,0.00,0.0,-39.833213,-73.250412,1,3.28,0.00
2025-11-27,11:45:44,0.00,0.0,-39.833213,-73.250412,1,3.28,0.00
2025-11-27,11:45:45,0.00,0.0,-39.833210,-73.250383,1,3.86,0.00
2025-11-27,11:45:46,0.00,0.0,-39.833210,-73.250383,1,3.86,0.00
2025-11-27,11:45:47,0.00,0.0,-39.833209,-73.250350,1,2.79,0.00
2025-11-27,11:45:48,0.00,0.0,-39.833209,-73.250350,1,2.79,0.00
2025-11-27,11:45:49,0.00,0.0,-39.833216,-73.250325,1,1.91,0.00
2025-11-27,11:45:50,0.00,0.0,-39.833216,-73.250325,1,1.91,0.00
2025-11-27,11:45:51,0.00,0.0,-39.833214,-73.250290,1,3.50,0.00
2025-11-27,11:45:52,0.00,0.0,-39.833214,-73.250290,1,3.50,0.00
2025-11-27,11:45:53,0.00,0.0,-39.833206,-73.250252,1,3.44,0.00
2025-11-27,11:45:54,0.00,0.0,-39.833206,-73.250252,1,3.44,0.00
2025-11-27,11:45:55,0.00,0.0,-39.833243,-73.250222,1,2.95,0.00
2025-11-27,11:45:56,0.00,0.0,-39.833243,-73.250222,1,2.95,0.00
2025-11-27,11:45:57,0.00,0.0,-39.833260,-73.250196,1,1.35,0.00
2025-11-27,11:45:58,0.00,0.0,-39.833260,-73.250196,1,1.35,0.00
2025-11-27,11:45:59,0.00,0.0,-39.833276,-73.250169,1,2.33,0.00
2025-11-27,11:46:00,0.00,0.0,-39.833284,-73.250152,1,2.72,0.00
2025-11-27,11:46:01,0.00,0.0,-39.833291,-73.250135,1,2.96,0.00
2025-11-27,11:46:02,0.00,0.0,-39.833293,-73.250122,1,2.24,0.00
2025-11-27,11:46:03,0.00,0.0,-39.833293,-73.250122,1,2.24,0.00
2025-11-27,11:46:04,0.00,0.0,-39.833299,-73.250086,1,2.79,0.00
2025-11-27,11:46:05,0.00,0.0,-39.833306,-73.250068,1,3.33,0.00
2025-11-27,11:46:06,0.00,0.0,-39.833311,-73.250053,1,2.63,0.00
2025-11-27,11:46:07,0.00,0.0,-39.833314,-73.250038,1,2.31,0.00
2025-11-27,11:46:08,0.00,0.0,-39.833320,-73.250023,1,2.60,0.00
2025-11-27,11:46:09,0.00,0.0,-39.833325,-73.250008,1,2.64,0.00
2025-11-27,11:46:10,0.00,0.0,-39.833329,-73.249989,1,3.20,0.00
2025-11-27,11:46:11,0.00,0.0,-39.833337,-73.249970,1,3.25,0.00
2025-11-27,11:46:12,0.00,0.0,-39.833342,-73.249954,1,2.73,0.00
2025-11-27,11:46:13,0.00,0.0,-39.833349,-73.249938,1,2.72,0.00
2025-11-27,11:46:14,0.00,0.0,-39.833352,-73.249922,1,2.79,0.00
2025-11-27,11:46:15,0.00,0.0,-39.833352,-73.249902,1,3.20,0.00
2025-11-27,11:46:16,0.00,0.0,-39.833353,-73.249885,1,2.94,0.00
2025-11-27,11:46:17,0.00,0.0,-39.833363,-73.249870,1,2.98,0.00
2025-11-27,11:46:18,0.00,0.0,-39.833365,-73.249860,1,1.52,0.00
2025-11-27,11:46:19,0.00,0.0,-39.833371,-73.249847,1,2.23,0.00
2025-11-27,11:46:20,0.00,0.0,-39.833372,-73.249831,1,2.96,0.00
2025-11-27,11:46:21,0.00,0.0,-39.833379,-73.249815,1,2.67,0.00
2025-11-27,11:46:22,0.00,0.0,-39.833388,-73.249801,1,2.39,0.00
2025-11-27,11:46:23,0.00,0.0,-39.833391,-73.249787,1,2.13,0.00
2025-11-27,11:46:24,0.00,0.0,-39.833396,-73.249773,1,1.74,0.00
2025-11-27,11:46:25,0.00,0.0,-39.833406,-73.249758,1,3.35,0.00
2025-11-27,11:46:26,0.00,0.0,-39.833416,-73.249746,1,1.82,0.00
2025-11-27,11:46:27,0.00,0.0,-39.833423,-73.249726,1,2.80,0.00
2025-11-27,11:46:28,0.00,0.0,-39.833423,-73.249726,1,2.80,0.00
2025-11-27,11:46:29,0.00,0.0,-39.833432,-73.249710,1,1.72,0.00
2025-11-27,11:46:30,0.00,0.0,-39.833432,-73.249700,1,1.88,0.00
2025-11-27,11:46:31,0.00,0.0,-39.833430,-73.249687,1,2.36,0.00
2025-11-27,11:46:32,0.00,0.0,-39.833435,-73.249672,1,2.53,0.00
2025-11-27,11:46:33,0.00,0.0,-39.833441,-73.249660,1,1.75,0.00
2025-11-27,11:46:34,0.00,0.0,-39.833441,-73.249639,1,2.77,0.00
2025-11-27,11:46:35,0.00,0.0,-39.833444,-73.249619,1,2.60,0.00
2025-11-27,11:46:36,0.00,0.0,-39.833445,-73.249602,1,2.49,0.00
2025-11-27,11:46:37,0.00,0.0,-39.833452,-73.249587,1,2.63,0.00
2025-11-27,11:46:38,0.00,0.0,-39.833451,-73.249573,1,2.52,0.00
2025-11-27,11:46:39,0.00,0.0,-39.833461,-73.249552,1,2.94,0.00
2025-11-27,11:46:40,0.00,0.0,-39.833466,-73.249525,1,3.09,0.00
2025-11-27,11:46:41,0.00,0.0,-39.833464,-73.249505,1,3.82,0.00
2025-11-27,11:46:42,0.00,0.0,-39.833462,-73.249484,1,3.93,0.00
2025-11-27,11:46:43,0.00,0.0,-39.833458,-73.249470,1,2.13,0.00
2025-11-27,11:46:44,0.00,0.0,-39.833457,-73.249450,1,4.10,0.00
2025-11-27,11:46:45,0.00,0.0,-39.833460,-73.249435,1,2.08,0.00
2025-11-27,11:46:46,0.00,0.0,-39.833476,-73.249428,1,3.08,0.00
2025-11-27,11:46:47,0.00,0.0,-39.833477,-73.249418,1,2.00,0.00
2025-11-27,11:46:48,0.00,0.0,-39.833476,-73.249406,1,1.87,0.00
2025-11-27,11:46:49,0.00,0.0,-39.833486,-73.249392,1,2.56,0.00
2025-11-27,11:46:50,0.00,0.0,-39.833486,-73.249386,1,3.38,0.00
2025-11-27,11:46:51,0.00,0.0,-39.833485,-73.249366,1,2.96,0.00
2025-11-27,11:46:52,0.00,0.0,-39.833488,-73.249349,1,3.12,0.00
2025-11-27,11:46:53,0.00,0.0,-39.833494,-73.249337,1,2.49,0.00
2025-11-27,11:46:54,0.00,0.0,-39.833500,-73.249319,1,2.34,0.00
2025-11-27,11:46:55,0.00,0.0,-39.833508,-73.249301,1,2.56,0.00
2025-11-27,11:46:56,0.00,0.0,-39.833515,-73.249285,1,2.43,0.00
2025-11-27,11:46:57,0.00,0.0,-39.833521,-73.249268,1,2.50,0.00
2025-11-27,11:46:58,0.00,0.0,-39.833521,-73.249254,1,2.48,0.00
2025-11-27,11:46:59,0.00,0.0,-39.833522,-73.249241,1,2.69,0.00
2025-11-27,11:47:00,0.00,0.0,-39.833527,-73.249228,1,2.37,0.00
2025-11-27,11:47:01,0.00,0.0,-39.833530,-73.249209,1,3.06,0.00
2025-11-27,11:47:02,0.00,0.0,-39.833534,-73.249198,1,1.76,0.00
2025-11-27,11:47:03,0.00,0.0,-39.833536,-73.249186,1,2.44,0.00
2025-11-27,11:47:04,0.00,0.0,-39.833533,-73.249171,1,2.98,0.00
2025-11-27,11:47:05,0.00,0.0,-39.833540,-73.249158,1,1.91,0.00
2025-11-27,11:47:06,0.00,0.0,-39.833546,-73.249145,1,1.98,0.00
2025-11-27,11:47:07,0.00,0.0,-39.833548,-73.249130,1,2.78,0.00
2025-11-27,11:47:08,0.00,0.0,-39.833548,-73.249113,1,4.13,0.00
2025-11-27,11:47:09,0.00,0.0,-39.833548,-73.249094,1,3.00,0.00
2025-11-27,11:47:10,0.00,0.0,-39.833550,-73.249077,1,2.87,0.00
2025-11-27,11:47:11,0.00,0.0,-39.833548,-73.249059,1,3.06,0.00
2025-11-27,11:47:12,0.00,0.0,-39.833559,-73.249043,1,2.80,0.00
2025-11-27,11:47:13,0.00,0.0,-39.833559,-73.249026,1,2.61,0.00
2025-11-27,11:47:14,0.00,0.0,-39.833562,-73.249010,1,2.56,0.00
2025-11-27,11:47:15,0.00,0.0,-39.833568,-73.248993,1,1.86,0.00
2025-11-27,11:47:16,0.00,0.0,-39.833579,-73.248983,1,1.50,0.00
2025-11-27,11:47:17,0.00,0.0,-39.833588,-73.248965,1,2.77,0.00
2025-11-27,11:47:18,0.00,0.0,-39.833589,-73.248945,1,2.80,0.00
2025-11-27,11:47:19,0.00,0.0,-39.833601,-73.248927,1,2.77,0.00
2025-11-27,11:47:20,0.00,0.0,-39.833602,-73.248909,1,2.55,0.00
2025-11-27,11:47:21,0.00,0.0,-39.833613,-73.248892,1,2.54,0.00
2025-11-27,11:47:22,0.00,0.0,-39.833614,-73.248876,1,2.23,0.00
2025-11-27,11:47:23,0.00,0.0,-39.833610,-73.248859,1,2.73,0.00
2025-11-27,11:47:24,0.00,0.0,-39.833615,-73.248845,1,2.41,0.00
2025-11-27,11:47:25,0.00,0.0,-39.833619,-73.248829,1,2.40,0.00
2025-11-27,11:47:26,0.00,0.0,-39.833637,-73.248814,1,1.37,0.00
2025-11-27,11:47:27,0.00,0.0,-39.833641,-73.248800,1,2.47,0.00
2025-11-27,11:47:28,0.00,0.0,-39.833644,-73.248782,1,2.27,0.00
2025-11-27,11:47:29,0.00,0.0,-39.833642,-73.248761,1,3.25,0.00
2025-11-27,11:47:30,0.00,0.0,-39.833658,-73.248749,1,2.10,0.00
2025-11-27,11:47:31,0.00,0.0,-39.833640,-73.248734,1,6.87,0.00
2025-11-27,11:47:32,0.00,0.0,-39.833635,-73.248717,1,3.16,0.00
2025-11-27,11:47:33,0.00,0.0,-39.833637,-73.248703,1,2.43,0.00
2025-11-27,11:47:34,0.00,0.0,-39.833641,-73.248684,1,2.94,0.00
2025-11-27,11:47:35,0.00,0.0,-39.833643,-73.248666,1,2.88,0.00
2025-11-27,11:47:36,0.00,0.0,-39.833648,-73.248650,1,2.31,0.00
2025-11-27,11:47:37,0.00,0.0,-39.833648,-73.248630,1,2.98,0.00
2025-11-27,11:47:38,0.00,0.0,-39.833652,-73.248616,1,2.07,0.00
2025-11-27,11:47:39,0.00,0.0,-39.833661,-73.248603,1,2.54,0.00
2025-11-27,11:47:40,0.00,0.0,-39.833671,-73.248594,1,1.25,0.00
2025-11-27,11:47:41,0.00,0.0,-39.833673,-73.248584,1,2.72,0.00
2025-11-27,11:47:42,0.00,0.0,-39.833699,-73.248582,1,1.64,0.00
2025-11-27,11:47:43,0.00,0.0,-39.833709,-73.248574,1,1.86,0.00
2025-11-27,11:47:44,0.00,0.0,-39.833705,-73.248561,1,3.00,0.00
2025-11-27,11:47:45,0.00,0.0,-39.833702,-73.248545,1,2.85,0.00
2025-11-27,11:47:46,0.00,0.0,-39.833703,-73.248530,1,1.98,0.00
2025-11-27,11:47:47,0.00,0.0,-39.833709,-73.248511,1,2.88,0.00
2025-11-27,11:47:48,0.00,0.0,-39.833713,-73.248488,1,2.58,0.00
2025-11-27,11:47:49,0.00,0.0,-39.833721,-73.248476,1,1.64,0.00
2025-11-27,11:47:50,0.00,0.0,-39.833719,-73.248464,1,1.67,0.00
2025-11-27,11:47:51,0.00,0.0,-39.833722,-73.248449,1,1.94,0.00
2025-11-27,11:47:52,0.00,0.0,-39.833723,-73.248430,1,2.58,0.00
2025-11-27,11:47:53,0.00,0.0,-39.833732,-73.248415,1,1.98,0.00
2025-11-27,11:47:54,0.00,0.0,-39.833747,-73.248410,1,1.10,0.00
2025-11-27,11:47:55,0.00,0.0,-39.833746,-73.248386,1,2.74,0.00
2025-11-27,11:47:56,0.00,0.0,-39.833737,-73.248358,1,4.13,0.00
2025-11-27,11:47:57,0.00,0.0,-39.833743,-73.248342,1,2.34,0.00
2025-11-27,11:47:58,0.00,0.0,-39.833745,-73.248327,1,1.80,0.00
2025-11-27,11:47:59,0.00,0.0,-39.833744,-73.248309,1,2.95,0.00
2025-11-27,11:48:00,0.00,0.0,-39.833748,-73.248290,1,2.46,0.00
2025-11-27,11:48:01,0.00,0.0,-39.833748,-73.248271,1,2.91,0.00
2025-11-27,11:48:02,0.00,0.0,-39.833760,-73.248255,1,1.91,0.00
2025-11-27,11:48:03,0.00,0.0,-39.833761,-73.248236,1,2.59,0.00
2025-11-27,11:48:04,0.00,0.0,-39.833768,-73.248221,1,1.69,0.00
2025-11-27,11:48:05,0.00,0.0,-39.833774,-73.248209,1,1.40,0.00
2025-11-27,11:48:06,0.00,0.0,-39.833779,-73.248197,1,1.44,0.00
2025-11-27,11:48:07,0.00,0.0,-39.833784,-73.248178,1,2.37,0.00
2025-11-27,11:48:08,0.00,0.0,-39.833787,-73.248165,1,1.71,0.00
2025-11-27,11:48:09,0.00,0.0,-39.833792,-73.248153,1,1.25,0.00
2025-11-27,11:48:10,0.00,0.0,-39.833800,-73.248142,1,1.96,0.00
2025-11-27,11:48:11,0.00,0.0,-39.833797,-73.248127,1,2.81,0.00
2025-11-27,11:48:12,0.00,0.0,-39.833789,-73.248119,1,2.53,0.00
2025-11-27,11:48:13,0.00,0.0,-39.833792,-73.248101,1,2.86,0.00
2025-11-27,11:48:14,0.00,0.0,-39.833791,-73.248073,1,3.08,0.00
2025-11-27,11:48:15,0.00,0.0,-39.833810,-73.248052,1,3.11,0.00
2025-11-27,11:48:16,0.00,0.0,-39.833821,-73.248033,1,1.70,0.00
2025-11-27,11:48:17,0.00,0.0,-39.833838,-73.248014,1,2.27,0.00
2025-11-27,11:48:18,0.00,0.0,-39.833859,-73.248000,1,1.62,0.00
2025-11-27,11:48:19,0.00,0.0,-39.833865,-73.247987,1,1.47,0.00
2025-11-27,11:48:20,0.00,0.0,-39.833864,-73.247967,1,1.74,0.00
2025-11-27,11:48:21,0.00,0.0,-39.833867,-73.247957,1,1.26,0.00
2025-11-27,11:48:22,0.00,0.0,-39.833870,-73.247941,1,2.08,0.00
2025-11-27,11:48:23,0.00,0.0,-39.833889,-73.247934,1,1.41,0.00
2025-11-27,11:48:24,0.00,0.0,-39.833894,-73.247924,1,1.49,0.00
2025-11-27,11:48:25,0.00,0.0,-39.833896,-73.247915,1,1.01,0.00
2025-11-27,11:48:26,0.00,0.0,-39.833888,-73.247899,1,1.67,0.00
2025-11-27,11:48:27,0.00,0.0,-39.833875,-73.247895,1,3.52,0.00
2025-11-27,11:48:28,0.00,0.0,-39.833890,-73.247892,1,0.21,0.00
2025-11-27,11:48:29,0.00,0.0,-39.833894,-73.247881,1,0.05,0.00
2025-11-27,11:48:30,0.00,0.0,-39.833892,-73.247869,1,0.08,0.00
2025-11-27,11:48:31,0.00,0.0,-39.833888,-73.247862,1,0.69,0.00
2025-11-27,11:48:32,0.00,0.0,-39.833891,-73.247856,1,0.42,0.00
2025-11-27,11:48:33,0.00,0.0,-39.833882,-73.247850,1,1.58,0.00
2025-11-27,11:48:34,0.00,0.0,-39.833879,-73.247846,1,1.24,0.00
2025-11-27,11:48:35,0.00,0.0,-39.833880,-73.247843,1,0.31,0.00
2025-11-27,11:48:36,0.00,0.0,-39.833881,-73.247835,1,0.08,0.00
2025-11-27,11:48:37,0.00,0.0,-39.833891,-73.247832,1,0.09,0.00
2025-11-27,11:48:38,0.00,0.0,-39.833897,-73.247827,1,0.42,0.00
2025-11-27,11:48:39,0.00,0.0,-39.833903,-73.247825,1,0.28,0.00
2025-11-27,11:48:40,0.00,0.0,-39.833908,-73.247823,1,0.07,0.00
2025-11-27,11:48:41,0.00,0.0,-39.833916,-73.247822,1,0.57,0.00
2025-11-27,11:48:42,0.00,0.0,-39.833922,-73.247823,1,0.14,0.00
2025-11-27,11:48:43,0.00,0.0,-39.833925,-73.247820,1,0.31,0.00
2025-11-27,11:48:44,0.00,0.0,-39.833929,-73.247818,1,0.14,0.00
2025-11-27,11:48:45,0.00,0.0,-39.833939,-73.247820,1,1.05,0.00
2025-11-27,11:48:46,0.00,0.0,-39.833939,-73.247818,1,0.43,0.00
2025-11-27,11:48:47,0.00,0.0,-39.833947,-73.247818,1,0.21,0.00
2025-11-27,11:48:48,0.00,0.0,-39.833951,-73.247817,1,0.33,0.00
2025-11-27,11:48:49,0.00,0.0,-39.833954,-73.247816,1,0.16,0.00
2025-11-27,11:48:50,0.00,0.0,-39.833962,-73.247817,1,0.23,0.00
2025-11-27,11:48:51,0.00,0.0,-39.833968,-73.247814,1,0.11,0.00
2025-11-27,11:48:52,0.00,0.0,-39.833973,-73.247812,1,0.29,0.00
2025-11-27,11:48:53,0.00,0.0,-39.833976,-73.247812,1,0.24,0.00
2025-11-27,11:48:54,0.00,0.0,-39.833980,-73.247810,1,0.61,0.00
2025-11-27,11:48:55,0.00,0.0,-39.833990,-73.247809,1,0.19,0.00
2025-11-27,11:48:56,0.00,0.0,-39.833991,-73.247804,1,1.42,0.00
2025-11-27,11:48:57,0.00,0.0,-39.833994,-73.247794,1,1.59,0.00
2025-11-27,11:48:58,0.00,0.0,-39.833999,-73.247779,1,2.25,0.00
2025-11-27,11:48:59,0.00,0.0,-39.833998,-73.247767,1,2.05,0.00
2025-11-27,11:49:00,0.00,0.0,-39.834002,-73.247753,1,2.41,0.00
2025-11-27,11:49:01,0.00,0.0,-39.834004,-73.247735,1,2.63,0.00
2025-11-27,11:49:02,0.00,0.0,-39.833999,-73.247710,1,3.67,0.00
2025-11-27,11:49:03,0.00,0.0,-39.834000,-73.247700,1,0.30,0.00
2025-11-27,11:49:04,0.00,0.0,-39.833997,-73.247681,1,3.62,0.00
2025-11-27,11:49:05,0.00,0.0,-39.833991,-73.247674,1,2.46,0.00
2025-11-27,11:49:06,0.00,0.0,-39.833974,-73.247643,1,3.11,0.00
2025-11-27,11:49:07,0.00,0.0,-39.833967,-73.247610,1,4.16,0.00
2025-11-27,11:49:08,0.00,0.0,-39.833962,-73.247579,1,4.36,0.00
2025-11-27,11:49:09,0.00,0.0,-39.833971,-73.247560,1,2.79,0.00
2025-11-27,11:49:10,0.00,0.0,-39.833968,-73.247533,1,4.41,0.00
2025-11-27,11:49:11,0.00,0.0,-39.833971,-73.247518,1,1.59,0.00
2025-11-27,11:49:12,0.00,0.0,-39.833971,-73.247496,1,2.76,0.00
2025-11-27,11:49:13,0.00,0.0,-39.833984,-73.247487,1,1.27,0.00
2025-11-27,11:49:14,0.00,0.0,-39.833990,-73.247476,1,2.00,0.00
2025-11-27,11:49:15,0.00,0.0,-39.833987,-73.247465,1,1.40,0.00
2025-11-27,11:49:16,0.00,0.0,-39.833989,-73.247449,1,1.93,0.00
2025-11-27,11:49:17,0.00,0.0,-39.833988,-73.247423,1,2.77,0.00
2025-11-27,11:49:18,0.00,0.0,-39.833992,-73.247401,1,2.51,0.00
2025-11-27,11:49:19,0.00,0.0,-39.833980,-73.247378,1,4.41,0.00
2025-11-27,11:49:20,0.00,0.0,-39.833974,-73.247350,1,3.57,0.00
2025-11-27,11:49:21,0.00,0.0,-39.833977,-73.247328,1,2.67,0.00
2025-11-27,11:49:22,0.00,0.0,-39.833972,-73.247308,1,2.95,0.00
2025-11-27,11:49:23,0.00,0.0,-39.833956,-73.247289,1,4.07,0.00
2025-11-27,11:49:24,0.00,0.0,-39.833950,-73.247271,1,3.20,0.00
2025-11-27,11:49:25,0.00,0.0,-39.833949,-73.247256,1,2.37,0.00
2025-11-27,11:49:26,0.00,0.0,-39.833949,-73.247233,1,2.20,0.00
2025-11-27,11:49:27,0.00,0.0,-39.833955,-73.247218,1,1.81,0.00
2025-11-27,11:49:28,0.00,0.0,-39.833952,-73.247202,1,1.99,0.00
2025-11-27,11:49:29,0.00,0.0,-39.833936,-73.247176,1,3.33,0.00
2025-11-27,11:49:30,0.00,0.0,-39.833922,-73.247147,1,4.52,0.00
2025-11-27,11:49:31,0.00,0.0,-39.833924,-73.247134,1,1.34,0.00
2025-11-27,11:49:32,0.00,0.0,-39.833926,-73.247119,1,1.65,0.00
2025-11-27,11:49:33,0.00,0.0,-39.833923,-73.247109,1,1.56,0.00
2025-11-27,11:49:34,0.00,0.0,-39.833914,-73.247096,1,1.81,0.00
2025-11-27,11:49:35,0.00,0.0,-39.833908,-73.247085,1,1.60,0.00
2025-11-27,11:49:36,0.00,0.0,-39.833903,-73.247062,1,2.45,0.00
2025-11-27,11:49:37,0.00,0.0,-39.833901,-73.247051,1,1.28,0.00
2025-11-27,11:49:38,0.00,0.0,-39.833899,-73.247037,1,2.44,0.00
2025-11-27,11:49:39,0.00,0.0,-39.833897,-73.247025,1,2.02,0.00
2025-11-27,11:49:40,0.00,0.0,-39.833895,-73.247019,1,1.67,0.00
2025-11-27,11:49:41,0.00,0.0,-39.833887,-73.247000,1,3.58,0.00
2025-11-27,11:49:42,0.00,0.0,-39.833884,-73.246989,1,1.69,0.00
2025-11-27,11:49:43,0.00,0.0,-39.833875,-73.246975,1,2.38,0.00
2025-11-27,11:49:44,0.00,0.0,-39.833871,-73.246964,1,2.58,0.00
2025-11-27,11:49:45,0.00,0.0,-39.833861,-73.246951,1,3.46,0.00
2025-11-27,11:49:46,0.00,0.0,-39.833854,-73.246940,1,1.47,0.00
2025-11-27,11:49:47,0.00,0.0,-39.833846,-73.246921,1,3.93,0.00
2025-11-27,11:49:48,0.00,0.0,-39.833846,-73.246915,1,0.57,0.00
2025-11-27,11:49:49,0.00,0.0,-39.833843,-73.246899,1,1.61,0.00
2025-11-27,11:49:50,0.00,0.0,-39.833846,-73.246898,1,0.70,0.00
2025-11-27,11:49:51,0.00,0.0,-39.833844,-73.246895,1,0.84,0.00
2025-11-27,11:49:52,0.00,0.0,-39.833838,-73.246885,1,2.15,0.00
2025-11-27,11:49:53,0.00,0.0,-39.833830,-73.246870,1,2.43,0.00
2025-11-27,11:49:54,0.00,0.0,-39.833823,-73.246859,1,2.40,0.00
2025-11-27,11:49:55,0.00,0.0,-39.833818,-73.246847,1,1.29,0.00
2025-11-27,11:49:56,0.00,0.0,-39.833811,-73.246833,1,1.91,0.00
2025-11-27,11:49:57,0.00,0.0,-39.833806,-73.246819,1,1.28,0.00
2025-11-27,11:49:58,0.00,0.0,-39.833804,-73.246805,1,0.61,0.00
2025-11-27,11:49:59,0.00,0.0,-39.833793,-73.246792,1,2.18,0.00
2025-11-27,11:50:00,0.00,0.0,-39.833783,-73.246763,1,3.23,0.00
2025-11-27,11:50:01,0.00,0.0,-39.833775,-73.246741,1,2.83,0.00
2025-11-27,11:50:02,0.00,0.0,-39.833769,-73.246720,1,1.68,0.00
2025-11-27,11:50:03,0.00,0.0,-39.833767,-73.246707,1,0.63,0.00
2025-11-27,11:50:04,0.00,0.0,-39.833756,-73.246678,1,3.20,0.00
2025-11-27,11:50:05,0.00,0.0,-39.833753,-73.246661,1,1.16,0.00
2025-11-27,11:50:06,0.00,0.0,-39.833744,-73.246639,1,2.30,0.00
2025-11-27,11:50:07,0.00,0.0,-39.833730,-73.246611,1,1.81,0.00
2025-11-27,11:50:08,0.00,0.0,-39.833717,-73.246584,1,3.23,0.00
2025-11-27,11:50:09,0.00,0.0,-39.833709,-73.246561,1,2.74,0.00
2025-11-27,11:50:10,0.00,0.0,-39.833703,-73.246542,1,2.51,0.00
2025-11-27,11:50:11,0.00,0.0,-39.833690,-73.246520,1,2.93,0.00
2025-11-27,11:50:12,0.00,0.0,-39.833686,-73.246506,1,2.79,0.00
2025-11-27,11:50:13,0.00,0.0,-39.833678,-73.246489,1,2.71,0.00
2025-11-27,11:50:14,0.00,0.0,-39.833672,-73.246472,1,0.83,0.00
2025-11-27,11:50:15,0.00,0.0,-39.833664,-73.246466,1,1.93,0.00
2025-11-27,11:50:16,0.00,0.0,-39.833666,-73.246463,1,1.17,0.00
2025-11-27,11:50:17,0.00,0.0,-39.833661,-73.246451,1,0.28,0.00
2025-11-27,11:50:18,0.00,0.0,-39.833650,-73.246439,1,1.71,0.00
2025-11-27,11:50:19,0.00,0.0,-39.833646,-73.246432,1,0.70,0.00
2025-11-27,11:50:20,0.00,0.0,-39.833647,-73.246424,1,0.61,0.00
2025-11-27,11:50:21,0.00,0.0,-39.833653,-73.246418,1,0.60,0.00
2025-11-27,11:50:22,0.00,0.0,-39.833648,-73.246410,1,1.87,0.00
2025-11-27,11:50:23,0.00,0.0,-39.833644,-73.246396,1,2.41,0.00
2025-11-27,11:50:24,0.00,0.0,-39.833640,-73.246382,1,2.13,0.00
2025-11-27,11:50:25,0.00,0.0,-39.833633,-73.246381,1,2.31,0.00
2025-11-27,11:50:26,0.00,0.0,-39.833624,-73.246379,1,1.89,0.00
2025-11-27,11:50:27,0.00,0.0,-39.833620,-73.246362,1,1.93,0.00
2025-11-27,11:50:28,0.00,0.0,-39.833616,-73.246342,1,2.14,0.00
2025-11-27,11:50:29,0.00,0.0,-39.833599,-73.246302,1,3.74,0.00
2025-11-27,11:50:30,0.00,0.0,-39.833575,-73.246269,1,3.27,0.00
2025-11-27,11:50:31,0.00,0.0,-39.833557,-73.246242,1,2.86,0.00
2025-11-27,11:50:32,0.00,0.0,-39.833543,-73.246217,1,2.52,0.00
2025-11-27,11:50:33,0.00,0.0,-39.833532,-73.246205,1,2.52,0.00
2025-11-27,11:50:34,0.00,0.0,-39.833507,-73.246189,1,4.16,0.00
2025-11-27,11:50:35,0.00,0.0,-39.833490,-73.246164,1,3.61,0.00
2025-11-27,11:50:36,0.00,0.0,-39.833482,-73.246136,1,2.68,0.00
2025-11-27,11:50:37,0.00,0.0,-39.833464,-73.246115,1,2.62,0.00
2025-11-27,11:50:38,0.00,0.0,-39.833454,-73.246102,1,2.23,0.00
2025-11-27,11:50:39,0.00,0.0,-39.833435,-73.246080,1,3.55,0.00
2025-11-27,11:50:40,0.00,0.0,-39.833415,-73.246065,1,2.94,0.00
2025-11-27,11:50:41,0.00,0.0,-39.833394,-73.246047,1,3.83,0.00
2025-11-27,11:50:42,0.00,0.0,-39.833384,-73.246027,1,2.78,0.00
2025-11-27,11:50:43,0.00,0.0,-39.833373,-73.246010,1,2.93,0.00
2025-11-27,11:50:44,0.00,0.0,-39.833366,-73.245999,1,2.86,0.00
2025-11-27,11:50:45,0.00,0.0,-39.833357,-73.245980,1,2.35,0.00
2025-11-27,11:50:46,0.00,0.0,-39.833331,-73.245961,1,4.54,0.00
2025-11-27,11:50:47,0.00,0.0,-39.833314,-73.245935,1,2.97,0.00
2025-11-27,11:50:48,0.00,0.0,-39.833300,-73.245921,1,3.18,0.00
2025-11-27,11:50:49,0.00,0.0,-39.833291,-73.245904,1,2.93,0.00
2025-11-27,11:50:50,0.00,0.0,-39.833287,-73.245895,1,1.94,0.00
2025-11-27,11:50:51,0.00,0.0,-39.833282,-73.245887,1,2.19,0.00
2025-11-27,11:50:52,0.00,0.0,-39.833275,-73.245875,1,2.02,0.00
2025-11-27,11:50:53,0.00,0.0,-39.833271,-73.245857,1,2.20,0.00
2025-11-27,11:50:54,0.00,0.0,-39.833263,-73.245840,1,2.06,0.00
2025-11-27,11:50:55,0.00,0.0,-39.833260,-73.245823,1,1.85,0.00
2025-11-27,11:50:56,0.00,0.0,-39.833263,-73.245806,1,0.99,0.00
2025-11-27,11:50:57,0.00,0.0,-39.833262,-73.245799,1,1.03,0.00
2025-11-27,11:50:58,0.00,0.0,-39.833251,-73.245782,1,2.44,0.00
2025-11-27,11:50:59,0.00,0.0,-39.833243,-73.245767,1,1.40,0.00
2025-11-27,11:51:00,0.00,0.0,-39.833239,-73.245761,1,0.68,0.00
2025-11-27,11:51:01,0.00,0.0,-39.833220,-73.245750,1,2.47,0.00
2025-11-27,11:51:02,0.00,0.0,-39.833218,-73.245733,1,0.73,0.00
2025-11-27,11:51:03,0.00,0.0,-39.833215,-73.245718,1,2.12,0.00
2025-11-27,11:51:04,0.00,0.0,-39.833206,-73.245710,1,0.52,0.00
2025-11-27,11:51:05,0.00,0.0,-39.833196,-73.245701,1,1.29,0.00
2025-11-27,11:51:06,0.00,0.0,-39.833184,-73.245689,1,1.31,0.00
2025-11-27,11:51:07,0.00,0.0,-39.833170,-73.245669,1,2.49,0.00
2025-11-27,11:51:08,0.00,0.0,-39.833157,-73.245653,1,1.54,0.00
2025-11-27,11:51:09,0.00,0.0,-39.833140,-73.245636,1,3.39,0.00
2025-11-27,11:51:10,0.00,0.0,-39.833123,-73.245622,1,3.44,0.00
2025-11-27,11:51:11,0.00,0.0,-39.833109,-73.245615,1,2.61,0.00
2025-11-27,11:51:12,0.00,0.0,-39.833094,-73.245601,1,2.79,0.00
2025-11-27,11:51:13,0.00,0.0,-39.833080,-73.245586,1,2.45,0.00
2025-11-27,11:51:14,0.00,0.0,-39.833066,-73.245566,1,2.12,0.00
2025-11-27,11:51:15,0.00,0.0,-39.833053,-73.245559,1,2.42,0.00
2025-11-27,11:51:16,0.00,0.0,-39.833045,-73.245540,1,2.11,0.00
2025-11-27,11:51:17,0.00,0.0,-39.833033,-73.245525,1,1.62,0.00
2025-11-27,11:51:18,0.00,0.0,-39.833018,-73.245510,1,3.17,0.00
2025-11-27,11:51:19,0.00,0.0,-39.833005,-73.245504,1,2.60,0.00
2025-11-27,11:51:20,0.00,0.0,-39.832989,-73.245490,1,3.01,0.00
2025-11-27,11:51:21,0.00,0.0,-39.832980,-73.245486,1,1.70,0.00
2025-11-27,11:51:22,0.00,0.0,-39.832972,-73.245475,1,1.71,0.00
2025-11-27,11:51:23,0.00,0.0,-39.832960,-73.245457,1,2.37,0.00
2025-11-27,11:51:24,0.00,0.0,-39.832929,-73.245441,1,2.83,0.00
2025-11-27,11:51:25,0.00,0.0,-39.832900,-73.245429,1,3.16,0.00
2025-11-27,11:51:26,0.00,0.0,-39.832878,-73.245415,1,2.68,0.00
2025-11-27,11:51:27,0.00,0.0,-39.832859,-73.245402,1,2.41,0.00
2025-11-27,11:51:28,0.00,0.0,-39.832838,-73.245389,1,2.92,0.00
2025-11-27,11:51:29,0.00,0.0,-39.832818,-73.245377,1,1.95,0.00
2025-11-27,11:51:30,0.00,0.0,-39.832801,-73.245361,1,2.80,0.00
2025-11-27,11:51:31,0.00,0.0,-39.832783,-73.245348,1,1.84,0.00
2025-11-27,11:51:32,0.00,0.0,-39.832769,-73.245337,1,1.94,0.00
2025-11-27,11:51:33,0.00,0.0,-39.832755,-73.245328,1,2.73,0.00
2025-11-27,11:51:34,0.00,0.0,-39.832737,-73.245315,1,2.90,0.00
2025-11-27,11:51:35,0.00,0.0,-39.832712,-73.245293,1,2.24,0.00
2025-11-27,11:51:36,0.00,0.0,-39.832703,-73.245300,1,2.17,0.00
2025-11-27,11:51:37,0.00,0.0,-39.832698,-73.245311,1,2.01,0.00
2025-11-27,11:51:38,0.00,0.0,-39.832691,-73.245329,1,2.67,0.00
2025-11-27,11:51:39,0.00,0.0,-39.832681,-73.245347,1,3.21,0.00
2025-11-27,11:51:40,0.00,0.0,-39.832670,-73.245365,1,3.13,0.00
2025-11-27,11:51:41,0.00,0.0,-39.832657,-73.245376,1,3.16,0.00
2025-11-27,11:51:42,0.00,0.0,-39.832655,-73.245388,1,0.92,0.00
2025-11-27,11:51:43,0.00,0.0,-39.832650,-73.245402,1,1.84,0.00
2025-11-27,11:51:44,0.00,0.0,-39.832645,-73.245413,1,2.39,0.00
2025-11-27,11:51:45,0.00,0.0,-39.832638,-73.245424,1,1.73,0.00
2025-11-27,11:51:46,0.00,0.0,-39.832636,-73.245439,1,2.39,0.00
2025-11-27,11:51:47,0.00,0.0,-39.832617,-73.245446,1,2.44,0.00
2025-11-27,11:51:48,0.00,0.0,-39.832612,-73.245459,1,2.63,0.00
2025-11-27,11:51:49,0.00,0.0,-39.832613,-73.245476,1,1.98,0.00
2025-11-27,11:51:50,0.00,0.0,-39.832609,-73.245490,1,2.52,0.00
2025-11-27,11:51:51,0.00,0.0,-39.832600,-73.245502,1,2.50,0.00
2025-11-27,11:51:52,0.00,0.0,-39.832588,-73.245514,1,2.86,0.00
2025-11-27,11:51:53,0.00,0.0,-39.832582,-73.245528,1,2.61,0.00
2025-11-27,11:51:54,0.00,0.0,-39.832573,-73.245538,1,2.20,0.00
2025-11-27,11:51:55,0.00,0.0,-39.832560,-73.245542,1,2.56,0.00
